Peptides,netmhciipan_el_HLA_DRB1_01_01,netmhciipan_el_HLA_DRB1_03_01,netmhciipan_el_HLA_DRB1_04_01,netmhciipan_el_HLA_DRB1_04_05,netmhciipan_el_HLA_DRB1_07_01,netmhciipan_el_HLA_DRB1_08_02,netmhciipan_el_HLA_DRB1_09_01,netmhciipan_el_HLA_DRB1_11_01,netmhciipan_el_HLA_DRB1_12_01,netmhciipan_el_HLA_DRB1_13_02,netmhciipan_el_HLA_DRB1_15_01,netmhciipan_el_HLA_DRB3_01_01,netmhciipan_el_HLA_DRB3_02_02,netmhciipan_el_HLA_DRB4_01_01,netmhciipan_el_HLA_DRB5_01_01,netmhciipan_el_HLA_DQA1_05_01_DQB1_02_01,netmhciipan_el_HLA_DQA1_05_01_DQB1_03_01,netmhciipan_el_HLA_DQA1_03_01_DQB1_03_02,netmhciipan_el_HLA_DQA1_04_01_DQB1_04_02,netmhciipan_el_HLA_DQA1_01_01_DQB1_05_01,netmhciipan_el_HLA_DQA1_01_02_DQB1_06_02,netmhciipan_el_HLA_DPA1_02_01_DPB1_01_01,netmhciipan_el_HLA_DPA1_01_03_DPB1_02_01,netmhciipan_el_HLA_DPA1_01_03_DPB1_04_01,netmhciipan_el_HLA_DPA1_03_01_DPB1_04_02,netmhciipan_el_HLA_DPA1_02_01_DPB1_05_01,netmhciipan_ba_HLA_DRB1_01_01,netmhciipan_ba_HLA_DRB1_03_01,netmhciipan_ba_HLA_DRB1_04_01,netmhciipan_ba_HLA_DRB1_04_05,netmhciipan_ba_HLA_DRB1_07_01,netmhciipan_ba_HLA_DRB1_08_02,netmhciipan_ba_HLA_DRB1_09_01,netmhciipan_ba_HLA_DRB1_11_01,netmhciipan_ba_HLA_DRB1_12_01,netmhciipan_ba_HLA_DRB1_13_02,netmhciipan_ba_HLA_DRB1_15_01,netmhciipan_ba_HLA_DRB3_01_01,netmhciipan_ba_HLA_DRB3_02_02,netmhciipan_ba_HLA_DRB4_01_01,netmhciipan_ba_HLA_DRB5_01_01,netmhciipan_ba_HLA_DQA1_05_01_DQB1_02_01,netmhciipan_ba_HLA_DQA1_05_01_DQB1_03_01,netmhciipan_ba_HLA_DQA1_03_01_DQB1_03_02,netmhciipan_ba_HLA_DQA1_04_01_DQB1_04_02,netmhciipan_ba_HLA_DQA1_01_01_DQB1_05_01,netmhciipan_ba_HLA_DQA1_01_02_DQB1_06_02,netmhciipan_ba_HLA_DPA1_02_01_DPB1_01_01,netmhciipan_ba_HLA_DPA1_01_03_DPB1_02_01,netmhciipan_ba_HLA_DPA1_01_03_DPB1_04_01,netmhciipan_ba_HLA_DPA1_03_01_DPB1_04_02,netmhciipan_ba_HLA_DPA1_02_01_DPB1_05_01
117622,595.29,409.75,533.45,301.51,201.01,170.08,224.20,68.81,556.64,409.75,479.33,463.87,463.87,564.37,548.91,270.59,92.77,355.63,286.05,270.59,471.60,301.51,208.74,154.62,185.55,425.21,371.09,417.48,394.29,239.66,139.16,278.32,154.62,123.70,378.82,494.79,270.59,316.98,440.67,510.25,347.90,170.08,69.58,201.01,177.82,108.24,231.93,100.50,123.70,92.77,115.97,139.16
117756,1570.36,1273.26,848.84,509.31,1952.34,335.29,1697.68,301.34,2079.66,1358.15,182.50,1188.38,1061.05,288.61,373.49,1358.15,2206.99,1952.34,174.01,50.93,1655.24,335.29,1400.59,806.40,891.28,152.79,3650.02,3013.39,3055.83,2249.43,3225.60,2928.51,3268.04,2419.20,3522.70,3565.14,2631.41,2249.43,3310.49,2970.95,1909.90,1018.61,3692.46,976.17,891.28,1188.38,3310.49,1485.47,2037.22,1655.24,1952.34,1145.94
117852,313.49,508.78,411.14,349.47,328.91,364.88,179.87,349.47,503.64,503.64,328.91,406.00,421.42,508.78,277.52,375.16,174.73,462.53,472.81,426.55,483.09,503.64,447.11,483.09,498.50,477.95,272.38,498.50,406.00,344.33,308.35,359.74,169.59,313.49,431.69,457.39,251.82,452.25,385.44,467.67,267.24,411.14,37.00,406.00,431.69,426.55,447.11,426.55,287.80,364.88,406.00,416.28
128212,62.33,69.26,45.02,15.01,20.78,34.63,39.25,39.25,64.64,53.10,54.25,49.63,42.71,57.72,55.41,45.02,71.57,28.86,13.85,15.01,32.32,2.65,0.20,2.31,3.12,4.27,85.42,81.96,77.34,46.17,62.33,76.18,66.95,77.34,80.80,76.18,78.49,78.49,60.02,87.73,77.34,55.41,70.41,38.09,32.32,54.25,75.03,21.93,1.96,12.70,28.86,39.25
128297,148.18,124.34,146.48,143.07,95.38,146.48,59.61,156.70,124.34,144.78,153.29,112.41,163.51,141.37,151.59,6.64,27.25,73.24,51.10,103.90,42.58,80.05,88.57,102.19,90.27,117.52,160.11,149.89,160.11,153.29,148.18,160.11,144.78,156.70,143.07,155.00,156.70,134.56,165.22,158.40,160.11,30.66,93.68,47.69,54.50,100.49,80.05,102.19,107.30,110.71,109.01,137.96
205647,7.48,24.95,7.95,9.36,59.26,6.86,31.19,12.63,5.30,32.75,10.45,37.42,26.51,2.03,17.15,5.93,23.39,4.99,7.33,4.68,17.15,23.39,81.09,29.63,17.15,32.75,49.90,73.29,49.90,54.58,123.19,53.02,106.04,54.58,48.34,95.12,65.49,112.27,88.88,26.51,79.53,48.34,121.63,68.61,70.17,57.70,82.65,90.44,120.07,107.60,92.00,101.36
205711,39.84,16.15,14.00,32.30,30.15,33.38,18.31,35.53,91.53,63.53,18.31,29.07,11.84,34.46,48.46,20.46,9.69,39.84,49.53,78.61,48.46,90.45,90.45,91.53,86.14,90.45,80.76,34.46,47.38,79.68,82.91,82.91,68.92,81.84,96.91,86.14,66.76,53.84,51.69,92.61,83.99,65.69,23.69,79.68,83.99,77.53,87.22,99.07,94.76,97.99,95.84,99.07
205740,69.26,3.00,53.10,77.34,56.56,27.70,54.25,50.79,91.19,62.33,84.26,43.86,81.96,51.94,78.49,20.78,4.27,18.47,9.35,101.58,2.19,95.81,86.57,102.73,93.50,83.11,103.89,6.12,101.58,107.35,102.73,88.88,96.96,101.58,105.04,101.58,106.20,62.33,106.20,102.73,108.50,73.88,13.85,48.48,48.48,106.20,23.09,108.50,109.66,109.66,109.66,108.50
212071,77.00,97.00,80.00,92.00,90.00,95.00,61.00,91.00,98.00,99.00,97.00,95.00,87.00,96.00,91.00,25.00,2.20,50.00,36.00,97.00,43.00,97.00,98.00,97.00,98.00,93.00,89.00,99.00,97.00,98.00,96.00,94.00,87.00,95.00,98.00,98.00,96.00,100.00,97.00,96.00,94.00,81.00,2.80,65.00,67.00,98.00,79.00,98.00,99.00,98.00,98.00,97.00
212091,118.51,134.10,141.90,99.80,129.43,120.07,134.10,123.19,101.36,121.63,120.07,110.71,143.46,113.83,143.46,107.60,138.78,90.44,109.16,73.29,101.36,3.12,11.54,1.53,3.43,29.63,95.12,88.88,104.48,65.49,98.24,115.39,109.16,110.71,62.37,101.36,90.44,46.78,120.07,65.49,123.19,28.07,146.58,35.87,35.87,23.39,88.88,0.27,1.87,0.31,0.55,2.65
212117,219.02,94.71,227.90,227.90,65.11,130.23,210.14,71.03,124.31,139.10,32.56,41.44,145.02,201.26,165.74,227.90,233.81,216.06,239.73,62.15,251.57,35.52,19.83,15.39,41.44,17.17,50.31,18.05,47.35,26.05,5.92,21.90,50.31,19.53,13.91,11.84,2.10,19.24,27.23,18.05,35.52,73.99,213.10,130.23,97.67,5.33,103.59,4.44,6.51,5.92,3.55,0.89
212126,38.00,8.80,29.00,50.00,34.00,49.00,51.00,43.00,32.00,21.00,30.00,31.00,32.00,5.90,2.30,15.00,21.00,47.00,40.00,73.00,62.00,18.00,53.00,42.00,35.00,9.80,47.00,17.00,42.00,69.00,48.00,54.00,62.00,43.00,53.00,27.00,42.00,66.00,32.00,15.00,8.00,82.00,55.00,92.00,90.00,89.00,86.00,74.00,78.00,75.00,71.00,63.00
212161,15.01,4.04,1.11,4.04,10.62,40.40,13.85,31.17,43.86,18.47,39.25,0.20,3.69,26.55,18.47,0.06,3.35,0.28,3.58,2.89,48.48,10.04,27.70,9.93,13.85,38.09,95.81,17.31,25.39,55.41,90.04,109.66,96.96,106.20,103.89,86.57,102.73,1.62,55.41,106.20,102.73,5.43,86.57,38.09,54.25,50.79,102.73,75.03,79.65,70.41,79.65,94.65
212179,112.27,57.70,23.39,31.19,32.75,24.95,90.44,38.98,49.90,48.34,34.31,93.56,59.26,43.66,63.93,113.83,121.63,113.83,84.21,73.29,23.39,21.83,12.79,21.83,21.83,54.58,62.37,53.02,14.35,23.39,28.07,10.92,51.46,23.39,40.54,18.71,37.42,63.93,24.95,29.63,42.10,110.71,76.41,102.92,95.12,81.09,24.95,48.34,46.78,53.02,40.54,48.34
221961,95.00,89.00,71.00,66.00,64.00,86.00,88.00,87.00,97.00,90.00,96.00,88.00,89.00,86.00,83.00,39.00,62.00,53.00,55.00,85.00,60.00,87.00,89.00,90.00,95.00,70.00,94.00,97.00,93.00,92.00,89.00,94.00,93.00,94.00,96.00,97.00,95.00,97.00,95.00,94.00,90.00,76.00,73.00,82.00,89.00,92.00,90.00,96.00,98.00,97.00,97.00,96.00
221994,1655.24,1443.03,636.63,246.16,390.47,509.31,679.07,1315.71,2928.51,2249.43,2164.55,1145.94,976.17,35.65,1825.01,933.73,1400.59,721.52,679.07,1188.38,2546.53,1061.05,1952.34,1994.78,2461.64,1825.01,4159.33,4074.44,3734.91,3692.46,4074.44,3989.56,4074.44,4074.44,4116.89,4159.33,4074.44,3989.56,4032.00,3607.58,4116.89,3395.37,3862.23,3268.04,3480.25,3777.35,3904.67,3989.56,3989.56,4032.00,4074.44,4032.00
222021,20.78,19.62,21.93,34.63,4.73,20.78,9.35,18.47,58.87,19.62,50.79,16.16,6.46,72.72,0.10,77.34,69.26,61.18,39.25,68.10,54.25,23.09,42.71,30.01,24.24,6.93,77.34,58.87,78.49,87.73,54.25,70.41,68.10,54.25,99.27,90.04,92.34,86.57,57.72,94.65,8.43,94.65,70.41,77.34,73.88,84.26,71.57,85.42,96.96,92.34,88.88,70.41
222025,29.60,130.23,56.23,85.83,71.03,100.63,13.61,124.31,5.03,162.78,106.55,91.75,82.87,142.06,47.35,85.83,47.35,115.43,118.39,85.83,147.98,79.91,71.03,85.83,71.03,41.44,13.61,150.94,11.54,15.69,50.31,32.56,5.92,65.11,14.80,115.43,82.87,79.91,56.23,91.75,21.01,35.52,47.35,56.23,53.27,47.35,76.95,41.44,53.27,53.27,44.40,32.56
222056,24.24,81.96,30.01,53.10,33.47,19.62,12.70,19.62,91.19,64.64,78.49,62.33,30.01,50.79,32.32,75.03,43.86,73.88,78.49,96.96,46.17,72.72,64.64,62.33,72.72,62.33,49.63,87.73,45.02,71.57,69.26,40.40,40.40,34.63,88.88,77.34,72.72,92.34,49.63,70.41,54.25,99.27,41.55,88.88,87.73,87.73,61.18,86.57,90.04,88.88,86.57,77.34
222076,7.16,10.85,32.32,50.79,36.94,3.00,24.24,1.50,6.81,5.54,20.78,30.01,25.39,7.96,13.85,46.17,26.55,55.41,39.25,50.79,6.23,24.24,53.10,43.86,28.86,25.39,2.31,8.66,13.85,27.70,15.01,4.96,13.85,3.46,1.96,2.42,5.77,20.78,12.70,0.32,5.19,64.64,18.47,68.10,68.10,57.72,16.16,42.71,49.63,48.48,38.09,21.93
117694,4136.72,949.41,2983.86,2576.97,4272.35,1966.64,5086.13,1220.67,3865.46,949.41,4136.72,2509.16,1017.23,1695.38,3390.75,949.41,1152.86,1085.04,657.81,2848.23,2983.86,4136.72,3187.31,3051.68,2034.45,3390.75,5899.91,2305.71,5425.20,5628.65,6374.61,6103.35,6306.80,6238.98,5967.72,5560.83,6442.43,3594.20,5357.39,5425.20,6306.80,1898.82,4611.42,3051.68,3662.01,4407.98,5967.72,5493.02,5764.28,5899.91,5221.76,5967.72
117749,6.30,62.00,55.00,52.00,37.00,62.00,32.00,55.00,3.60,57.00,21.00,57.00,69.00,33.00,38.00,21.00,47.00,40.00,52.00,16.00,58.00,23.00,42.00,22.00,21.00,33.00,0.74,18.00,17.00,6.80,5.20,16.00,7.70,8.30,0.12,17.00,2.40,22.00,24.00,4.40,8.40,5.30,35.00,18.00,16.00,7.30,16.00,2.00,4.50,3.10,1.50,2.10
117828,12.92,38.76,32.30,48.46,51.69,50.61,18.31,76.45,30.15,47.38,57.07,50.61,38.76,37.69,53.84,28.00,3.66,43.07,55.99,81.84,34.46,81.84,96.91,97.99,77.53,94.76,3.34,28.00,14.00,24.77,22.61,10.77,5.71,28.00,14.00,18.31,22.61,32.30,16.15,17.23,30.15,23.69,0.56,30.15,28.00,42.00,11.84,51.69,53.84,48.46,39.84,47.38
117859,1825.01,1782.57,3437.81,3395.37,2206.99,1273.26,2504.09,636.63,165.52,1273.26,1782.57,3225.60,2928.51,2376.76,59.42,3480.25,1527.92,2716.30,2419.20,3565.14,1018.61,2504.09,2928.51,2419.20,2376.76,806.40,1527.92,2419.20,3098.27,2673.85,2164.55,806.40,2037.22,509.31,165.52,1909.90,1697.68,3225.60,2546.53,1400.59,135.81,2673.85,1061.05,2334.32,2376.76,2461.64,1782.57,1655.24,2164.55,1952.34,1697.68,679.07
128215,177.92,255.02,177.92,169.02,225.36,243.15,192.74,216.47,160.13,240.19,266.88,216.47,237.22,243.15,225.36,225.36,228.33,213.50,234.26,257.98,225.36,177.92,213.50,174.95,234.26,204.61,198.68,255.02,213.50,216.47,240.19,225.36,222.40,231.29,222.40,260.95,249.09,231.29,263.91,216.47,228.33,189.78,240.19,192.74,207.57,213.50,246.12,192.74,204.61,195.71,204.61,189.78
128322,25.39,55.41,16.16,4.85,1.62,8.20,2.65,17.31,23.09,34.63,6.46,24.24,8.43,40.40,13.85,36.94,32.32,17.31,8.31,30.01,36.94,13.85,21.93,15.01,10.16,28.86,30.01,75.03,8.43,6.69,8.31,20.78,4.96,26.55,47.33,53.10,18.47,45.02,20.78,56.56,31.17,28.86,24.24,16.16,17.31,35.78,40.40,28.86,15.01,23.09,31.17,32.32
205671,113.83,24.95,38.98,56.14,71.73,106.04,98.24,101.36,98.24,68.61,84.21,28.07,63.93,79.53,109.16,17.15,34.31,68.61,38.98,65.49,104.48,1.87,3.59,1.87,3.74,35.87,135.66,45.22,84.21,101.36,113.83,129.43,127.87,135.66,116.95,92.00,121.63,51.46,74.85,127.87,135.66,56.14,102.92,81.09,84.21,79.53,120.07,29.63,17.15,20.27,38.98,84.21
205724,26.00,66.00,39.00,44.00,84.00,63.00,73.00,51.00,28.00,73.00,64.00,45.00,61.00,14.00,71.00,39.00,58.00,43.00,56.00,39.00,26.00,15.00,22.00,14.00,5.60,40.00,59.00,54.00,68.00,61.00,81.00,73.00,79.00,75.00,51.00,75.00,78.00,32.00,81.00,50.00,72.00,38.00,70.00,27.00,34.00,46.00,40.00,36.00,44.00,42.00,32.00,57.00
212067,2.90,86.87,52.80,105.60,6.98,64.72,1.60,80.05,30.66,15.84,18.74,52.80,20.44,78.35,23.85,2.04,0.20,6.98,2.90,27.25,11.07,100.49,95.38,91.98,88.57,93.68,14.31,139.67,110.71,136.26,40.88,78.35,14.48,95.38,109.01,39.17,83.46,139.67,47.69,127.74,78.35,83.46,0.26,59.61,47.69,144.78,11.58,151.59,149.89,149.89,148.18,144.78
212085,5.77,31.19,11.70,10.76,10.92,4.37,14.97,6.71,5.61,9.36,0.03,34.31,23.39,8.42,2.96,74.85,81.09,84.21,43.66,3.12,70.17,17.15,10.60,17.15,18.71,1.87,9.51,32.75,15.59,11.54,14.35,2.81,17.15,2.81,8.26,23.39,0.06,56.14,28.07,9.20,1.20,107.60,90.44,99.80,93.56,35.87,49.90,26.51,14.03,26.51,26.51,3.43
212099,23.69,38.76,57.07,33.38,9.91,55.99,30.15,52.76,16.15,16.15,1.18,32.30,37.69,64.61,31.23,76.45,81.84,67.84,90.45,44.15,95.84,24.77,4.63,9.05,24.77,24.77,9.15,15.08,18.31,14.00,2.58,12.92,6.89,17.23,1.72,3.02,0.20,12.92,9.37,8.83,11.84,48.46,26.92,58.15,49.53,19.38,30.15,6.35,1.51,3.02,4.52,3.45
212124,59.22,17.23,8.72,1.83,10.01,11.84,29.07,25.84,23.69,18.31,20.46,22.61,24.77,11.84,35.53,11.84,25.84,4.95,3.12,37.69,5.71,14.00,23.69,32.30,16.15,20.46,71.07,55.99,25.84,14.00,39.84,43.07,63.53,63.53,62.45,55.99,61.38,65.69,57.07,51.69,71.07,38.76,54.92,19.38,20.46,65.69,20.46,55.99,63.53,62.45,55.99,66.76
212146,83.46,151.59,98.79,139.67,5.79,146.48,18.74,134.56,114.12,117.52,137.96,139.67,119.23,149.89,117.52,15.50,4.77,22.14,11.41,103.90,11.07,115.82,103.90,132.85,119.23,137.96,117.52,156.70,122.63,129.45,39.17,124.34,68.13,132.85,115.82,122.63,141.37,148.18,126.04,144.78,141.37,86.87,7.15,59.61,44.28,151.59,20.44,146.48,143.07,144.78,144.78,148.18
212175,25.00,79.00,67.00,51.00,8.90,42.00,14.00,35.00,34.00,41.00,39.00,45.00,36.00,75.00,27.00,30.00,43.00,42.00,32.00,39.00,68.00,2.00,1.40,1.30,3.60,4.60,17.00,62.00,29.00,22.00,3.30,28.00,5.10,21.00,21.00,26.00,19.00,21.00,19.00,30.00,16.00,22.00,30.00,31.00,23.00,24.00,31.00,3.20,1.20,1.70,4.60,4.20
212203,112.68,50.41,109.72,100.82,77.10,192.74,83.03,157.16,118.61,62.27,136.40,8.60,28.47,106.75,192.74,65.24,148.27,106.75,169.02,44.48,231.29,0.33,4.45,0.42,0.53,1.75,80.06,9.79,41.51,32.62,53.38,115.65,74.13,91.92,47.44,22.24,56.34,1.90,16.61,50.41,91.92,9.49,166.06,41.51,44.48,3.56,97.86,0.03,0.30,0.03,0.03,0.09
221993,80.05,18.74,22.14,44.28,91.98,3.24,98.79,16.35,54.50,20.44,40.88,83.46,49.39,6.13,23.85,86.87,69.83,61.32,14.82,131.15,47.69,40.88,20.44,47.69,42.58,15.16,148.18,109.01,131.15,151.59,146.48,76.65,156.70,78.35,141.37,137.96,132.85,163.51,148.18,114.12,81.76,165.22,151.59,161.81,161.81,168.62,158.40,151.59,155.00,158.40,153.29,132.85
222011,83.99,32.30,57.07,29.07,89.37,67.84,86.14,53.84,67.84,42.00,82.91,63.53,66.76,54.92,58.15,71.07,79.68,36.61,39.84,83.99,51.69,39.84,31.23,30.15,38.76,9.05,90.45,49.53,88.30,73.22,90.45,74.30,88.30,63.53,79.68,69.99,82.91,90.45,85.07,73.22,72.15,75.38,75.38,40.92,47.38,79.68,76.45,69.99,72.15,72.15,72.15,57.07
222024,122.63,23.85,32.36,27.25,103.90,76.65,97.09,80.05,78.35,15.84,134.56,32.36,3.58,5.62,105.60,7.15,27.25,8.35,7.15,47.69,47.69,74.94,97.09,90.27,80.05,105.60,165.22,115.82,146.48,149.89,163.51,155.00,165.22,156.70,158.40,85.16,165.22,124.34,42.58,137.96,163.51,61.32,136.26,35.77,56.21,136.26,151.59,161.81,161.81,161.81,161.81,163.51
222055,3.90,48.34,10.14,21.83,5.46,17.15,1.39,43.66,40.54,37.42,23.39,32.75,14.35,18.71,17.15,0.25,0.06,0.41,0.08,9.36,0.30,20.27,23.39,28.07,21.83,51.46,51.46,118.51,65.49,93.56,60.82,88.88,35.87,116.95,113.83,104.48,113.83,112.27,84.21,107.60,93.56,1.72,2.65,0.34,0.23,65.49,2.49,95.12,95.12,101.36,102.92,120.07
222066,77.34,8.20,92.34,75.03,90.04,81.96,88.88,60.02,34.63,50.79,24.24,56.56,87.73,72.72,69.26,84.26,79.65,80.80,79.65,23.09,30.01,45.02,54.25,45.02,60.02,32.32,66.95,5.89,71.57,65.80,56.56,46.17,58.87,25.39,23.09,35.78,27.70,32.32,63.49,33.47,39.25,75.03,56.56,75.03,72.72,53.10,24.24,33.47,46.17,43.86,46.17,23.09
117715,1745.78,686.86,1087.53,1602.68,2117.83,214.64,2089.21,103.03,829.96,601.00,1459.58,2031.97,1230.63,263.30,1430.96,1946.11,1116.15,858.58,744.10,2203.68,54.38,1602.68,1459.58,1488.20,973.05,686.86,1144.77,887.20,801.34,1230.63,1516.82,194.61,1430.96,214.64,772.72,1087.53,1230.63,1946.11,1259.25,108.75,1116.15,1230.63,858.58,715.48,744.10,1745.78,54.38,1488.20,1831.63,1745.78,1316.49,1001.67
117762,160.11,85.16,139.67,105.60,149.89,132.85,155.00,124.34,117.52,156.70,160.11,81.76,143.07,66.43,163.51,68.13,141.37,47.69,103.90,107.30,132.85,16.69,64.72,27.25,16.35,85.16,163.51,148.18,165.22,153.29,166.92,168.62,166.92,166.92,149.89,166.92,165.22,129.45,170.32,155.00,168.62,8.18,144.78,25.55,39.17,93.68,146.48,74.94,97.09,85.16,81.76,132.85
117836,37.00,19.00,39.00,36.00,48.00,25.00,41.00,19.00,9.00,2.20,14.00,24.00,2.70,31.00,50.00,56.00,64.00,62.00,80.00,12.00,62.00,12.00,14.00,9.80,6.00,7.30,7.10,7.40,6.60,4.80,9.30,4.50,15.00,4.50,2.00,0.21,2.60,6.60,0.69,2.90,17.00,28.00,49.00,39.00,38.00,4.80,19.00,1.40,1.30,1.40,0.60,0.79
128196,45.23,0.48,15.08,33.38,66.76,35.53,60.30,26.92,26.92,7.43,47.38,2.69,4.52,18.31,35.53,25.84,44.15,57.07,57.07,24.77,32.30,21.54,60.30,46.30,38.76,29.07,51.69,0.97,7.32,29.07,64.61,36.61,68.92,45.23,39.84,6.78,49.53,6.03,3.34,21.54,50.61,48.46,74.30,55.99,59.22,23.69,33.38,53.84,57.07,61.38,53.84,52.76
128309,54.00,74.00,80.00,73.00,29.00,86.00,35.00,88.00,77.00,52.00,27.00,80.00,68.00,64.00,77.00,80.00,71.00,56.00,75.00,65.00,59.00,54.00,43.00,46.00,61.00,74.00,27.00,27.00,46.00,41.00,8.10,42.00,5.70,45.00,31.00,15.00,11.00,40.00,24.00,24.00,33.00,47.00,25.00,42.00,40.00,27.00,28.00,29.00,26.00,29.00,32.00,27.00
128347,625.13,612.87,343.21,612.87,269.66,894.79,318.69,1103.16,845.76,637.38,551.58,171.60,919.30,19.61,943.82,171.60,196.12,171.60,245.15,588.35,539.32,894.79,1005.10,956.07,845.76,956.07,907.05,821.24,808.99,980.59,612.87,980.59,649.64,1127.68,956.07,698.67,747.70,318.69,1005.10,232.89,1115.42,343.21,120.12,269.66,306.43,674.16,600.61,1041.88,1005.10,1054.13,1054.13,1090.91
205713,51.94,10.97,43.86,65.80,95.81,75.03,99.27,70.41,64.64,50.79,61.18,30.01,62.33,34.63,7.96,21.93,41.55,55.41,77.34,86.57,84.26,76.18,105.04,98.12,87.73,57.72,113.12,86.57,113.12,114.28,114.28,113.12,114.28,113.12,111.97,111.97,113.12,108.50,114.28,110.81,91.19,91.19,113.12,100.42,106.20,107.35,114.28,111.97,113.12,113.12,113.12,110.81
205759,58.15,48.46,51.69,59.22,64.61,59.22,74.30,62.45,29.07,65.69,44.15,46.30,67.84,22.61,23.69,32.30,51.69,50.61,47.38,62.45,31.23,12.92,18.31,14.00,5.92,30.15,50.61,32.30,45.23,39.84,68.92,55.99,81.84,46.30,23.69,55.99,38.76,34.46,61.38,30.15,21.54,40.92,82.91,61.38,67.84,62.45,55.99,22.61,35.53,33.38,22.61,32.30
212080,76.00,6.50,20.00,30.00,79.00,75.00,90.00,76.00,58.00,25.00,37.00,2.40,12.00,65.00,69.00,62.00,65.00,84.00,95.00,54.00,71.00,89.00,88.00,82.00,86.00,89.00,83.00,7.60,24.00,52.00,82.00,81.00,90.00,85.00,70.00,16.00,69.00,2.20,7.70,66.00,87.00,68.00,89.00,79.00,84.00,54.00,88.00,87.00,78.00,82.00,85.00,89.00
212096,0.84,50.61,6.57,12.92,5.71,7.54,4.74,12.92,3.98,22.61,1.18,24.77,17.23,20.46,10.55,31.23,25.84,29.07,23.69,7.43,22.61,8.61,12.92,16.15,5.49,36.61,0.69,45.23,3.02,3.23,1.72,4.63,1.40,10.66,5.38,10.23,0.64,14.00,5.92,11.84,12.92,31.23,21.54,43.07,37.69,23.69,15.08,8.29,6.46,6.25,5.38,21.54
212118,60.82,121.63,51.46,87.32,8.11,121.63,18.71,132.55,99.80,95.12,115.39,95.12,74.85,115.39,93.56,4.99,1.50,14.50,6.08,101.36,24.95,90.44,88.88,120.07,113.83,129.43,90.44,143.46,104.48,123.19,23.39,123.19,48.34,132.55,124.75,90.44,126.31,123.19,88.88,137.22,121.63,54.58,3.43,38.98,29.63,130.99,28.07,124.75,109.16,120.07,127.87,137.22
212138,8.08,48.46,3.02,4.95,34.46,7.32,14.00,8.94,55.99,45.23,74.30,14.00,11.84,6.35,14.00,2.48,7.00,4.95,3.88,46.30,62.45,42.00,67.84,45.23,37.69,42.00,68.92,99.07,38.76,55.99,96.91,83.99,89.37,77.53,102.30,101.22,103.37,81.84,80.76,91.53,82.91,76.45,94.76,82.91,90.45,94.76,105.53,101.22,102.30,101.22,101.22,103.37
212170,77.09,215.85,118.20,133.62,26.21,10.79,66.81,33.40,118.20,14.39,154.18,87.37,28.78,169.59,32.89,447.11,406.00,411.14,82.23,298.07,339.19,26.21,5.65,17.47,19.53,30.84,107.92,159.32,138.76,149.04,50.36,16.45,118.20,36.49,107.92,66.81,118.20,215.85,71.95,118.20,56.53,467.67,431.69,467.67,467.67,416.28,416.28,174.73,71.95,154.18,164.45,71.95
212188,201.01,139.16,64.17,10.05,262.86,92.77,278.32,193.28,108.24,347.90,170.08,162.35,301.51,7.19,394.29,25.51,177.82,54.89,40.20,35.56,378.82,108.24,440.67,231.93,154.62,201.01,502.52,255.13,239.66,177.82,556.64,417.48,556.64,572.10,425.21,463.87,525.71,255.13,595.29,193.28,641.68,10.82,479.33,54.12,69.58,201.01,409.75,378.82,541.18,487.06,463.87,502.52
221973,58.00,33.00,20.00,32.00,65.00,5.10,72.00,17.00,48.00,31.00,36.00,67.00,43.00,7.20,32.00,62.00,57.00,51.00,17.00,84.00,38.00,34.00,19.00,39.00,43.00,20.00,85.00,62.00,72.00,86.00,80.00,43.00,89.00,43.00,81.00,77.00,73.00,95.00,82.00,61.00,40.00,95.00,86.00,95.00,95.00,98.00,92.00,88.00,90.00,90.00,88.00,76.00
222002,87.00,73.00,70.00,34.00,54.00,77.00,73.00,65.00,78.00,71.00,86.00,86.00,79.00,83.00,73.00,59.00,74.00,14.00,20.00,80.00,65.00,65.00,74.00,75.00,85.00,48.00,96.00,93.00,94.00,93.00,94.00,93.00,96.00,94.00,95.00,95.00,96.00,96.00,95.00,95.00,94.00,74.00,95.00,43.00,53.00,90.00,89.00,92.00,93.00,94.00,93.00,90.00
222017,131.15,112.41,110.71,69.83,78.35,120.93,69.83,124.34,129.45,117.52,134.56,134.56,139.67,102.19,115.82,22.14,27.25,18.74,22.14,134.56,54.50,81.76,119.23,105.60,103.90,95.38,165.22,160.11,161.81,160.11,160.11,161.81,160.11,165.22,163.51,163.51,165.22,163.51,165.22,163.51,163.51,95.38,134.56,64.72,76.65,149.89,134.56,146.48,149.89,148.18,148.18,151.59
222037,124.54,65.24,74.13,68.20,124.54,174.95,100.82,186.81,106.75,169.02,186.81,41.51,160.13,74.13,171.99,2.34,19.27,8.01,23.43,44.48,94.89,16.31,56.34,62.27,44.48,77.10,240.19,109.72,192.74,169.02,195.71,246.12,222.40,257.98,189.78,192.74,228.33,97.86,237.22,183.85,252.05,6.23,160.13,21.35,38.55,41.51,148.27,109.72,115.65,121.58,118.61,157.16
222057,96.96,80.80,94.65,73.88,106.20,92.34,107.35,94.65,102.73,107.35,110.81,95.81,105.04,83.11,100.42,23.09,46.17,16.16,7.85,51.94,18.47,76.18,94.65,87.73,71.57,81.96,110.81,100.42,111.97,105.04,111.97,110.81,111.97,111.97,106.20,113.12,111.97,107.35,114.28,107.35,111.97,35.78,101.58,26.55,26.55,84.26,79.65,80.80,94.65,91.19,92.34,94.65
222079,51.00,50.00,48.00,23.00,5.70,46.00,14.00,37.00,58.00,51.00,62.00,41.00,50.00,78.00,54.00,38.00,41.00,25.00,30.00,35.00,57.00,28.00,42.00,41.00,40.00,33.00,67.00,83.00,75.00,62.00,25.00,65.00,39.00,57.00,73.00,75.00,68.00,65.00,72.00,84.00,46.00,64.00,51.00,65.00,65.00,59.00,75.00,63.00,66.00,64.00,71.00,67.00
117731,31.00,52.00,9.30,25.00,11.00,16.00,7.20,46.00,56.00,29.00,47.00,59.00,21.00,44.00,39.00,9.00,2.70,18.00,17.00,59.00,3.50,58.00,61.00,74.00,55.00,77.00,14.00,45.00,5.40,17.00,6.70,6.10,3.80,35.00,36.00,13.00,29.00,50.00,11.00,31.00,35.00,7.60,0.55,3.20,2.20,49.00,1.10,49.00,47.00,47.00,45.00,55.00
117769,124.54,210.54,166.06,219.43,192.74,225.36,115.65,284.67,255.02,243.15,237.22,186.81,234.26,231.29,275.77,29.06,3.85,91.92,127.51,263.91,47.44,272.81,192.74,278.74,216.47,275.77,163.09,219.43,183.85,222.40,180.88,219.43,121.58,246.12,237.22,204.61,216.47,213.50,183.85,216.47,249.09,77.10,2.91,83.03,94.89,189.78,44.48,222.40,198.68,219.43,210.54,234.26
117849,56.23,26.93,97.67,71.03,10.36,76.95,17.17,68.07,0.09,12.43,24.57,23.09,50.31,32.56,15.98,56.23,115.43,65.11,127.27,47.35,150.94,11.54,85.83,32.56,27.23,11.25,32.56,16.28,38.48,24.57,7.10,26.93,12.73,41.44,0.15,7.40,13.02,23.09,44.40,4.44,14.80,25.45,26.05,41.44,32.56,32.56,18.35,16.57,38.48,32.56,24.57,14.80
117916,34.31,115.39,29.63,13.41,5.46,85.76,4.37,106.04,129.43,67.05,104.48,28.07,31.19,127.87,70.17,20.27,6.86,37.42,48.34,74.85,38.98,51.46,21.83,26.51,70.17,109.16,43.66,77.97,18.71,10.76,8.26,82.65,7.64,84.21,96.68,49.90,76.41,17.15,24.95,101.36,60.82,6.24,4.37,9.82,8.11,38.98,28.07,42.10,26.51,28.07,46.78,71.73
128232,10.68,2.85,11.27,41.51,13.64,85.99,12.16,115.65,10.08,3.56,32.62,0.56,6.52,19.57,38.55,0.86,6.82,2.97,16.61,12.16,53.38,3.85,13.64,13.05,10.68,24.02,41.51,1.90,12.45,44.48,23.13,62.27,28.17,83.03,20.46,3.85,19.57,0.47,10.38,41.51,77.10,1.72,35.58,20.16,25.50,10.08,44.48,29.65,18.09,27.87,32.62,50.41
128312,1058.91,1488.20,744.10,1202.01,1803.01,234.68,1745.78,103.03,486.53,1287.87,1116.15,2404.02,1345.11,15.45,1058.91,858.58,915.82,858.58,1116.15,715.48,772.72,343.43,457.91,246.13,248.99,223.23,973.05,1831.63,973.05,1459.58,1488.20,160.27,1488.20,31.48,572.39,1774.39,944.44,2203.68,1745.78,17.17,486.53,457.91,629.62,343.43,429.29,1430.96,858.58,343.43,343.43,286.19,457.91,400.67
205678,76.41,9.82,45.22,74.85,51.46,65.49,46.78,76.41,112.27,67.05,51.46,17.15,53.02,67.05,59.26,53.02,21.83,49.90,43.66,63.93,9.67,42.10,14.97,32.75,17.15,53.02,124.75,26.51,98.24,121.63,107.60,121.63,101.36,123.19,137.22,129.43,115.39,51.46,107.60,134.10,106.04,84.21,54.58,77.97,74.85,98.24,71.73,107.60,95.12,107.60,107.60,113.83
205714,195.71,74.13,157.16,148.27,148.27,195.71,166.06,124.54,189.78,130.47,151.23,35.58,94.89,145.30,94.89,71.17,124.54,186.81,195.71,94.89,228.33,2.88,8.01,2.08,2.94,2.22,222.40,94.89,183.85,177.92,204.61,234.26,228.33,204.61,195.71,169.02,204.61,38.55,163.09,216.47,174.95,97.86,275.77,192.74,192.74,77.10,263.91,14.53,20.16,11.27,21.65,20.16
205767,75.38,10.23,54.92,39.84,52.76,69.99,59.22,66.76,49.53,82.91,72.15,25.84,81.84,42.00,50.61,5.92,16.15,5.28,4.20,5.92,17.23,54.92,77.53,59.22,67.84,62.45,85.07,6.68,72.15,67.84,69.99,66.76,75.38,69.99,57.07,75.38,77.53,24.77,85.07,59.22,57.07,9.26,51.69,9.91,10.55,32.30,26.92,44.15,54.92,53.84,45.23,43.07
212083,26.00,1.60,9.00,19.00,48.00,14.00,35.00,14.00,5.60,17.00,39.00,1.40,15.00,6.60,36.00,12.00,29.00,20.00,37.00,36.00,32.00,41.00,74.00,54.00,29.00,63.00,49.00,3.30,30.00,47.00,73.00,36.00,65.00,43.00,25.00,37.00,62.00,3.40,49.00,31.00,71.00,30.00,47.00,20.00,27.00,46.00,45.00,64.00,71.00,71.00,63.00,71.00
212097,27.70,70.41,56.56,36.94,7.16,53.10,15.01,63.49,23.09,45.02,17.31,35.78,61.18,66.95,35.78,55.41,78.49,71.57,53.10,19.62,92.34,13.85,5.43,11.43,19.62,18.47,30.01,51.94,34.63,11.54,7.16,40.40,12.70,36.94,19.62,39.25,9.12,30.01,42.71,21.93,31.17,36.94,93.50,47.33,40.40,3.92,64.64,4.85,4.39,5.43,8.20,6.12
212120,7.10,28.00,11.00,17.00,36.00,0.82,24.00,0.68,40.00,11.00,40.00,30.00,13.00,15.00,6.50,60.00,73.00,72.00,28.00,46.00,61.00,20.00,13.00,18.00,14.00,6.60,18.00,31.00,18.00,33.00,56.00,2.90,45.00,1.20,53.00,41.00,47.00,57.00,22.00,15.00,11.00,79.00,86.00,81.00,75.00,57.00,79.00,45.00,47.00,50.00,47.00,25.00
212141,33.38,22.61,55.99,68.92,48.46,59.22,48.46,52.76,24.77,22.61,48.46,31.23,39.84,43.07,49.53,29.07,5.60,22.61,12.92,71.07,18.31,45.23,59.22,46.30,43.07,62.45,48.46,44.15,66.76,75.38,69.99,69.99,63.53,79.68,54.92,36.61,69.99,52.76,67.84,52.76,73.22,48.46,9.91,18.31,23.69,61.38,49.53,67.84,77.53,74.30,71.07,78.61
212174,8.89,57.72,2.42,4.62,25.39,7.62,15.01,9.70,57.72,53.10,9.58,17.31,13.85,6.69,16.16,2.19,8.66,5.19,4.04,23.09,63.49,42.71,71.57,49.63,38.09,45.02,77.34,106.20,36.94,47.33,91.19,86.57,88.88,85.42,101.58,106.20,42.71,86.57,86.57,93.50,87.73,69.26,103.89,70.41,61.18,27.70,109.66,96.96,100.42,98.12,101.58,102.73
212197,483.09,236.40,282.66,92.51,457.39,395.72,447.11,457.39,411.14,472.81,292.93,226.13,431.69,241.54,477.95,66.81,226.13,82.23,159.32,17.47,416.28,375.16,441.97,349.47,380.30,452.25,400.86,256.96,292.93,128.48,395.72,406.00,400.86,426.55,334.05,421.42,349.47,143.90,447.11,328.91,462.53,11.82,339.19,23.64,28.78,9.76,236.40,97.64,143.90,102.78,92.51,236.40
221987,98.12,96.96,76.18,86.57,105.04,86.57,109.66,94.65,107.35,105.04,114.28,99.27,93.50,71.57,84.26,57.72,64.64,56.56,40.40,103.89,16.16,91.19,100.42,60.02,101.58,68.10,115.43,106.20,114.28,114.28,115.43,114.28,115.43,114.28,114.28,114.28,115.43,111.97,114.28,114.28,113.12,106.20,110.81,100.42,102.73,111.97,101.58,114.28,114.28,114.28,114.28,114.28
222004,26.55,1.12,10.62,23.09,46.17,27.70,48.48,28.86,16.16,9.81,27.70,7.16,13.85,3.58,1.50,11.08,25.39,15.01,17.31,38.09,42.71,6.00,55.41,26.55,12.70,0.69,83.11,5.54,55.41,83.11,92.34,72.72,96.96,75.03,77.34,70.41,88.88,43.86,72.72,51.94,34.63,53.10,93.50,45.02,49.63,85.42,90.04,65.80,85.42,80.80,70.41,51.94
222023,53.00,61.00,18.00,27.00,19.00,21.00,48.00,28.00,49.00,40.00,14.00,86.00,43.00,51.00,33.00,92.00,85.00,88.00,67.00,80.00,35.00,49.00,4.40,29.00,48.00,48.00,40.00,64.00,15.00,32.00,27.00,7.80,42.00,19.00,46.00,42.00,25.00,87.00,33.00,36.00,31.00,91.00,50.00,88.00,85.00,80.00,35.00,75.00,63.00,74.00,69.00,66.00
222044,18.31,16.15,23.69,35.53,50.61,62.45,32.30,75.38,37.69,44.15,43.07,14.00,35.53,1.51,39.84,8.18,29.07,45.23,42.00,10.77,88.30,14.00,59.22,32.30,19.38,29.07,76.45,31.23,73.22,81.84,93.68,91.53,88.30,91.53,75.38,66.76,75.38,34.46,79.68,32.30,81.84,38.76,101.22,82.91,80.76,30.15,101.22,65.69,75.38,74.30,69.99,69.99
222065,91.53,71.07,89.37,94.76,62.45,94.76,68.92,89.37,69.99,85.07,96.91,93.68,91.53,96.91,61.38,38.76,34.46,62.45,60.30,97.99,86.14,82.91,93.68,92.61,91.53,82.91,74.30,68.92,69.99,83.99,45.23,66.76,54.92,64.61,68.92,72.15,76.45,81.84,69.99,81.84,30.15,64.61,22.61,62.45,67.84,92.61,71.07,78.61,85.07,82.91,82.91,75.38
